run_name,states,max_counties,years,train_years,val_years,test_years,seq_len,epochs,batch_size,learning_rate,hidden_size,num_layers,dropout,loss_mode,feature_group,target_mode,split,model,modality,rmse,mae,r2,features_beating_naive,runtime_seconds,status
ia10_seq12_base,IA,10.0,2017 2018 2019 2020 2021,2017 2018 2019,2020,2021,12.0,80.0,64.0,0.001,64.0,1.0,0.0,raw_mse,all,raw,val,naive_lag1,ag,7.874177435649131,2.240698337554932,,0.0,1.9373996257781982,completed
ia10_seq12_base,IA,10.0,2017 2018 2019 2020 2021,2017 2018 2019,2020,2021,12.0,80.0,64.0,0.001,64.0,1.0,0.0,raw_mse,all,raw,val,naive_lag1,ndvi,3.5392150172365087,0.4227045774459839,,0.0,1.9373996257781982,completed
ia10_seq12_base,IA,10.0,2017 2018 2019 2020 2021,2017 2018 2019,2020,2021,12.0,80.0,64.0,0.001,64.0,1.0,0.0,raw_mse,all,raw,val,naive_lag1,weather,341.466838159286,80.25187683105469,,0.0,1.9373996257781982,completed
ia10_seq12_base,IA,10.0,2017 2018 2019 2020 2021,2017 2018 2019,2020,2021,12.0,80.0,64.0,0.001,64.0,1.0,0.0,raw_mse,all,raw,test,naive_lag1,ag,7.757100206080732,2.18254828453064,,0.0,1.9373996257781982,completed
ia10_seq12_base,IA,10.0,2017 2018 2019 2020 2021,2017 2018 2019,2020,2021,12.0,80.0,64.0,0.001,64.0,1.0,0.0,raw_mse,all,raw,test,naive_lag1,ndvi,2.8523311049453515,0.3677237629890442,,0.0,1.9373996257781982,completed
ia10_seq12_base,IA,10.0,2017 2018 2019 2020 2021,2017 2018 2019,2020,2021,12.0,80.0,64.0,0.001,64.0,1.0,0.0,raw_mse,all,raw,test,naive_lag1,weather,574.9478780724388,107.1949462890625,,0.0,1.9373996257781982,completed
ia10_seq12_base,IA,10.0,2017 2018 2019 2020 2021,2017 2018 2019,2020,2021,12.0,80.0,64.0,0.001,64.0,1.0,0.0,raw_mse,all,raw,val,lstm,ag,7.036642626069728,1.8777084350585935,,31.0,1.9373996257781982,completed
ia10_seq12_base,IA,10.0,2017 2018 2019 2020 2021,2017 2018 2019,2020,2021,12.0,80.0,64.0,0.001,64.0,1.0,0.0,raw_mse,all,raw,val,lstm,ndvi,2.626862818644105,0.5695165991783142,,31.0,1.9373996257781982,completed
ia10_seq12_base,IA,10.0,2017 2018 2019 2020 2021,2017 2018 2019,2020,2021,12.0,80.0,64.0,0.001,64.0,1.0,0.0,raw_mse,all,raw,val,lstm,weather,205.04002086483015,49.98868179321289,,31.0,1.9373996257781982,completed
ia10_seq12_base,IA,10.0,2017 2018 2019 2020 2021,2017 2018 2019,2020,2021,12.0,80.0,64.0,0.001,64.0,1.0,0.0,raw_mse,all,raw,test,lstm,ag,6.254541196882157,1.749020218849182,,30.0,1.9373996257781982,completed
ia10_seq12_base,IA,10.0,2017 2018 2019 2020 2021,2017 2018 2019,2020,2021,12.0,80.0,64.0,0.001,64.0,1.0,0.0,raw_mse,all,raw,test,lstm,ndvi,2.384189995504105,0.5611762404441833,,30.0,1.9373996257781982,completed
ia10_seq12_base,IA,10.0,2017 2018 2019 2020 2021,2017 2018 2019,2020,2021,12.0,80.0,64.0,0.001,64.0,1.0,0.0,raw_mse,all,raw,test,lstm,weather,534.8942944638688,84.65795135498047,,30.0,1.9373996257781982,completed
ia10_seq12_base,IA,10.0,2017 2018 2019 2020 2021,2017 2018 2019,2020,2021,12.0,80.0,64.0,0.001,64.0,1.0,0.0,raw_mse,all,raw,val,tiny_mamba_ssm,ag,5.517317817421569,1.6336456537246704,,33.0,1.9373996257781982,completed
ia10_seq12_base,IA,10.0,2017 2018 2019 2020 2021,2017 2018 2019,2020,2021,12.0,80.0,64.0,0.001,64.0,1.0,0.0,raw_mse,all,raw,val,tiny_mamba_ssm,ndvi,2.640953179004707,0.5353015661239624,,33.0,1.9373996257781982,completed
ia10_seq12_base,IA,10.0,2017 2018 2019 2020 2021,2017 2018 2019,2020,2021,12.0,80.0,64.0,0.001,64.0,1.0,0.0,raw_mse,all,raw,val,tiny_mamba_ssm,weather,219.7289612369066,53.948368072509766,,33.0,1.9373996257781982,completed
ia10_seq12_base,IA,10.0,2017 2018 2019 2020 2021,2017 2018 2019,2020,2021,12.0,80.0,64.0,0.001,64.0,1.0,0.0,raw_mse,all,raw,test,tiny_mamba_ssm,ag,6.415272383701263,1.9362810850143437,,30.0,1.9373996257781982,completed
ia10_seq12_base,IA,10.0,2017 2018 2019 2020 2021,2017 2018 2019,2020,2021,12.0,80.0,64.0,0.001,64.0,1.0,0.0,raw_mse,all,raw,test,tiny_mamba_ssm,ndvi,2.323847893370962,0.5160235166549683,,30.0,1.9373996257781982,completed
ia10_seq12_base,IA,10.0,2017 2018 2019 2020 2021,2017 2018 2019,2020,2021,12.0,80.0,64.0,0.001,64.0,1.0,0.0,raw_mse,all,raw,test,tiny_mamba_ssm,weather,508.6518332808799,91.97991180419922,,30.0,1.9373996257781982,completed
ia10_seq12_h128_l2,IA,10.0,2017 2018 2019 2020 2021,2017 2018 2019,2020,2021,12.0,150.0,64.0,0.001,128.0,2.0,0.2,raw_mse,all,raw,val,naive_lag1,ag,7.874177435649131,2.240698337554932,,0.0,2.7326509952545166,completed
ia10_seq12_h128_l2,IA,10.0,2017 2018 2019 2020 2021,2017 2018 2019,2020,2021,12.0,150.0,64.0,0.001,128.0,2.0,0.2,raw_mse,all,raw,val,naive_lag1,ndvi,3.5392150172365087,0.4227045774459839,,0.0,2.7326509952545166,completed
ia10_seq12_h128_l2,IA,10.0,2017 2018 2019 2020 2021,2017 2018 2019,2020,2021,12.0,150.0,64.0,0.001,128.0,2.0,0.2,raw_mse,all,raw,val,naive_lag1,weather,341.466838159286,80.25187683105469,,0.0,2.7326509952545166,completed
ia10_seq12_h128_l2,IA,10.0,2017 2018 2019 2020 2021,2017 2018 2019,2020,2021,12.0,150.0,64.0,0.001,128.0,2.0,0.2,raw_mse,all,raw,test,naive_lag1,ag,7.757100206080732,2.18254828453064,,0.0,2.7326509952545166,completed
ia10_seq12_h128_l2,IA,10.0,2017 2018 2019 2020 2021,2017 2018 2019,2020,2021,12.0,150.0,64.0,0.001,128.0,2.0,0.2,raw_mse,all,raw,test,naive_lag1,ndvi,2.8523311049453515,0.3677237629890442,,0.0,2.7326509952545166,completed
ia10_seq12_h128_l2,IA,10.0,2017 2018 2019 2020 2021,2017 2018 2019,2020,2021,12.0,150.0,64.0,0.001,128.0,2.0,0.2,raw_mse,all,raw,test,naive_lag1,weather,574.9478780724388,107.1949462890625,,0.0,2.7326509952545166,completed
ia10_seq12_h128_l2,IA,10.0,2017 2018 2019 2020 2021,2017 2018 2019,2020,2021,12.0,150.0,64.0,0.001,128.0,2.0,0.2,raw_mse,all,raw,val,lstm,ag,6.526542463721639,1.8930296897888184,,32.0,2.7326509952545166,completed
ia10_seq12_h128_l2,IA,10.0,2017 2018 2019 2020 2021,2017 2018 2019,2020,2021,12.0,150.0,64.0,0.001,128.0,2.0,0.2,raw_mse,all,raw,val,lstm,ndvi,2.46180152862846,0.4421069622039795,,32.0,2.7326509952545166,completed
ia10_seq12_h128_l2,IA,10.0,2017 2018 2019 2020 2021,2017 2018 2019,2020,2021,12.0,150.0,64.0,0.001,128.0,2.0,0.2,raw_mse,all,raw,val,lstm,weather,226.733134019931,51.89525985717773,,32.0,2.7326509952545166,completed
ia10_seq12_h128_l2,IA,10.0,2017 2018 2019 2020 2021,2017 2018 2019,2020,2021,12.0,150.0,64.0,0.001,128.0,2.0,0.2,raw_mse,all,raw,test,lstm,ag,6.799683720582243,2.154059648513794,,29.0,2.7326509952545166,completed
ia10_seq12_h128_l2,IA,10.0,2017 2018 2019 2020 2021,2017 2018 2019,2020,2021,12.0,150.0,64.0,0.001,128.0,2.0,0.2,raw_mse,all,raw,test,lstm,ndvi,2.13299012055861,0.3876951932907104,,29.0,2.7326509952545166,completed
ia10_seq12_h128_l2,IA,10.0,2017 2018 2019 2020 2021,2017 2018 2019,2020,2021,12.0,150.0,64.0,0.001,128.0,2.0,0.2,raw_mse,all,raw,test,lstm,weather,551.09110521764,91.07257080078124,,29.0,2.7326509952545166,completed
ia10_seq12_h128_l2,IA,10.0,2017 2018 2019 2020 2021,2017 2018 2019,2020,2021,12.0,150.0,64.0,0.001,128.0,2.0,0.2,raw_mse,all,raw,val,tiny_mamba_ssm,ag,4.815220447853429,1.4082293510437012,,33.0,2.7326509952545166,completed
ia10_seq12_h128_l2,IA,10.0,2017 2018 2019 2020 2021,2017 2018 2019,2020,2021,12.0,150.0,64.0,0.001,128.0,2.0,0.2,raw_mse,all,raw,val,tiny_mamba_ssm,ndvi,2.924894679855093,0.6722644567489624,,33.0,2.7326509952545166,completed
ia10_seq12_h128_l2,IA,10.0,2017 2018 2019 2020 2021,2017 2018 2019,2020,2021,12.0,150.0,64.0,0.001,128.0,2.0,0.2,raw_mse,all,raw,val,tiny_mamba_ssm,weather,246.9504156961474,58.2449836730957,,33.0,2.7326509952545166,completed
ia10_seq12_h128_l2,IA,10.0,2017 2018 2019 2020 2021,2017 2018 2019,2020,2021,12.0,150.0,64.0,0.001,128.0,2.0,0.2,raw_mse,all,raw,test,tiny_mamba_ssm,ag,4.472248761800573,1.3401445150375366,,30.0,2.7326509952545166,completed
ia10_seq12_h128_l2,IA,10.0,2017 2018 2019 2020 2021,2017 2018 2019,2020,2021,12.0,150.0,64.0,0.001,128.0,2.0,0.2,raw_mse,all,raw,test,tiny_mamba_ssm,ndvi,2.893468664347353,0.7285188436508179,,30.0,2.7326509952545166,completed
ia10_seq12_h128_l2,IA,10.0,2017 2018 2019 2020 2021,2017 2018 2019,2020,2021,12.0,150.0,64.0,0.001,128.0,2.0,0.2,raw_mse,all,raw,test,tiny_mamba_ssm,weather,539.491108592162,94.36519622802734,,30.0,2.7326509952545166,completed
ia10_seq12_h128_l2_lr3e4,IA,10.0,2017 2018 2019 2020 2021,2017 2018 2019,2020,2021,12.0,150.0,64.0,0.0003,128.0,2.0,0.2,raw_mse,all,raw,val,naive_lag1,ag,7.874177435649131,2.240698337554932,,0.0,3.8526997566223145,completed
ia10_seq12_h128_l2_lr3e4,IA,10.0,2017 2018 2019 2020 2021,2017 2018 2019,2020,2021,12.0,150.0,64.0,0.0003,128.0,2.0,0.2,raw_mse,all,raw,val,naive_lag1,ndvi,3.5392150172365087,0.4227045774459839,,0.0,3.8526997566223145,completed
ia10_seq12_h128_l2_lr3e4,IA,10.0,2017 2018 2019 2020 2021,2017 2018 2019,2020,2021,12.0,150.0,64.0,0.0003,128.0,2.0,0.2,raw_mse,all,raw,val,naive_lag1,weather,341.466838159286,80.25187683105469,,0.0,3.8526997566223145,completed
ia10_seq12_h128_l2_lr3e4,IA,10.0,2017 2018 2019 2020 2021,2017 2018 2019,2020,2021,12.0,150.0,64.0,0.0003,128.0,2.0,0.2,raw_mse,all,raw,test,naive_lag1,ag,7.757100206080732,2.18254828453064,,0.0,3.8526997566223145,completed
ia10_seq12_h128_l2_lr3e4,IA,10.0,2017 2018 2019 2020 2021,2017 2018 2019,2020,2021,12.0,150.0,64.0,0.0003,128.0,2.0,0.2,raw_mse,all,raw,test,naive_lag1,ndvi,2.8523311049453515,0.3677237629890442,,0.0,3.8526997566223145,completed
ia10_seq12_h128_l2_lr3e4,IA,10.0,2017 2018 2019 2020 2021,2017 2018 2019,2020,2021,12.0,150.0,64.0,0.0003,128.0,2.0,0.2,raw_mse,all,raw,test,naive_lag1,weather,574.9478780724388,107.1949462890625,,0.0,3.8526997566223145,completed
ia10_seq12_h128_l2_lr3e4,IA,10.0,2017 2018 2019 2020 2021,2017 2018 2019,2020,2021,12.0,150.0,64.0,0.0003,128.0,2.0,0.2,raw_mse,all,raw,val,lstm,ag,6.59148783997817,1.8641064167022705,,33.0,3.8526997566223145,completed
ia10_seq12_h128_l2_lr3e4,IA,10.0,2017 2018 2019 2020 2021,2017 2018 2019,2020,2021,12.0,150.0,64.0,0.0003,128.0,2.0,0.2,raw_mse,all,raw,val,lstm,ndvi,2.566116200492712,0.522229015827179,,33.0,3.8526997566223145,completed
ia10_seq12_h128_l2_lr3e4,IA,10.0,2017 2018 2019 2020 2021,2017 2018 2019,2020,2021,12.0,150.0,64.0,0.0003,128.0,2.0,0.2,raw_mse,all,raw,val,lstm,weather,210.6958430564068,48.896610260009766,,33.0,3.8526997566223145,completed
ia10_seq12_h128_l2_lr3e4,IA,10.0,2017 2018 2019 2020 2021,2017 2018 2019,2020,2021,12.0,150.0,64.0,0.0003,128.0,2.0,0.2,raw_mse,all,raw,test,lstm,ag,7.0418599420090064,2.154238224029541,,26.0,3.8526997566223145,completed
ia10_seq12_h128_l2_lr3e4,IA,10.0,2017 2018 2019 2020 2021,2017 2018 2019,2020,2021,12.0,150.0,64.0,0.0003,128.0,2.0,0.2,raw_mse,all,raw,test,lstm,ndvi,2.154582719696416,0.4480109214782715,,26.0,3.8526997566223145,completed
ia10_seq12_h128_l2_lr3e4,IA,10.0,2017 2018 2019 2020 2021,2017 2018 2019,2020,2021,12.0,150.0,64.0,0.0003,128.0,2.0,0.2,raw_mse,all,raw,test,lstm,weather,542.8619184470393,88.84877014160156,,26.0,3.8526997566223145,completed
ia10_seq12_h128_l2_lr3e4,IA,10.0,2017 2018 2019 2020 2021,2017 2018 2019,2020,2021,12.0,150.0,64.0,0.0003,128.0,2.0,0.2,raw_mse,all,raw,val,tiny_mamba_ssm,ag,4.691473738846372,1.4555847644805908,,33.0,3.8526997566223145,completed
ia10_seq12_h128_l2_lr3e4,IA,10.0,2017 2018 2019 2020 2021,2017 2018 2019,2020,2021,12.0,150.0,64.0,0.0003,128.0,2.0,0.2,raw_mse,all,raw,val,tiny_mamba_ssm,ndvi,2.97807661979902,0.6891392469406128,,33.0,3.8526997566223145,completed
ia10_seq12_h128_l2_lr3e4,IA,10.0,2017 2018 2019 2020 2021,2017 2018 2019,2020,2021,12.0,150.0,64.0,0.0003,128.0,2.0,0.2,raw_mse,all,raw,val,tiny_mamba_ssm,weather,217.551322967708,52.34784698486328,,33.0,3.8526997566223145,completed
ia10_seq12_h128_l2_lr3e4,IA,10.0,2017 2018 2019 2020 2021,2017 2018 2019,2020,2021,12.0,150.0,64.0,0.0003,128.0,2.0,0.2,raw_mse,all,raw,test,tiny_mamba_ssm,ag,4.72356911443381,1.4048770666122437,,31.0,3.8526997566223145,completed
ia10_seq12_h128_l2_lr3e4,IA,10.0,2017 2018 2019 2020 2021,2017 2018 2019,2020,2021,12.0,150.0,64.0,0.0003,128.0,2.0,0.2,raw_mse,all,raw,test,tiny_mamba_ssm,ndvi,2.658351650194863,0.6626449823379517,,31.0,3.8526997566223145,completed
ia10_seq12_h128_l2_lr3e4,IA,10.0,2017 2018 2019 2020 2021,2017 2018 2019,2020,2021,12.0,150.0,64.0,0.0003,128.0,2.0,0.2,raw_mse,all,raw,test,tiny_mamba_ssm,weather,507.4870226173276,85.47828674316406,,31.0,3.8526997566223145,completed
ia10_seq6_base,IA,10.0,2017 2018 2019 2020 2021,2017 2018 2019,2020,2021,6.0,80.0,64.0,0.001,64.0,1.0,0.0,raw_mse,all,raw,val,naive_lag1,ag,7.874177435649131,2.240698337554932,,0.0,1.7718055248260498,completed
ia10_seq6_base,IA,10.0,2017 2018 2019 2020 2021,2017 2018 2019,2020,2021,6.0,80.0,64.0,0.001,64.0,1.0,0.0,raw_mse,all,raw,val,naive_lag1,ndvi,3.5392150172365087,0.4227045774459839,,0.0,1.7718055248260498,completed
ia10_seq6_base,IA,10.0,2017 2018 2019 2020 2021,2017 2018 2019,2020,2021,6.0,80.0,64.0,0.001,64.0,1.0,0.0,raw_mse,all,raw,val,naive_lag1,weather,341.466838159286,80.25187683105469,,0.0,1.7718055248260498,completed
ia10_seq6_base,IA,10.0,2017 2018 2019 2020 2021,2017 2018 2019,2020,2021,6.0,80.0,64.0,0.001,64.0,1.0,0.0,raw_mse,all,raw,test,naive_lag1,ag,7.757100206080732,2.18254828453064,,0.0,1.7718055248260498,completed
ia10_seq6_base,IA,10.0,2017 2018 2019 2020 2021,2017 2018 2019,2020,2021,6.0,80.0,64.0,0.001,64.0,1.0,0.0,raw_mse,all,raw,test,naive_lag1,ndvi,2.8523311049453515,0.3677237629890442,,0.0,1.7718055248260498,completed
ia10_seq6_base,IA,10.0,2017 2018 2019 2020 2021,2017 2018 2019,2020,2021,6.0,80.0,64.0,0.001,64.0,1.0,0.0,raw_mse,all,raw,test,naive_lag1,weather,574.9478780724388,107.1949462890625,,0.0,1.7718055248260498,completed
ia10_seq6_base,IA,10.0,2017 2018 2019 2020 2021,2017 2018 2019,2020,2021,6.0,80.0,64.0,0.001,64.0,1.0,0.0,raw_mse,all,raw,val,lstm,ag,5.65290927760045,1.6101553440093994,,33.0,1.7718055248260498,completed
ia10_seq6_base,IA,10.0,2017 2018 2019 2020 2021,2017 2018 2019,2020,2021,6.0,80.0,64.0,0.001,64.0,1.0,0.0,raw_mse,all,raw,val,lstm,ndvi,2.6505908595258627,0.5722912549972534,,33.0,1.7718055248260498,completed
ia10_seq6_base,IA,10.0,2017 2018 2019 2020 2021,2017 2018 2019,2020,2021,6.0,80.0,64.0,0.001,64.0,1.0,0.0,raw_mse,all,raw,val,lstm,weather,206.18463926478617,49.45964431762695,,33.0,1.7718055248260498,completed
ia10_seq6_base,IA,10.0,2017 2018 2019 2020 2021,2017 2018 2019,2020,2021,6.0,80.0,64.0,0.001,64.0,1.0,0.0,raw_mse,all,raw,test,lstm,ag,4.8162345762820165,1.3844584226608276,,31.0,1.7718055248260498,completed
ia10_seq6_base,IA,10.0,2017 2018 2019 2020 2021,2017 2018 2019,2020,2021,6.0,80.0,64.0,0.001,64.0,1.0,0.0,raw_mse,all,raw,test,lstm,ndvi,2.501616527538642,0.5675451755523682,,31.0,1.7718055248260498,completed
ia10_seq6_base,IA,10.0,2017 2018 2019 2020 2021,2017 2018 2019,2020,2021,6.0,80.0,64.0,0.001,64.0,1.0,0.0,raw_mse,all,raw,test,lstm,weather,508.0301725783617,78.49789428710938,,31.0,1.7718055248260498,completed
ia10_seq6_base,IA,10.0,2017 2018 2019 2020 2021,2017 2018 2019,2020,2021,6.0,80.0,64.0,0.001,64.0,1.0,0.0,raw_mse,all,raw,val,tiny_mamba_ssm,ag,4.4214287522591285,1.3301968574523926,,33.0,1.7718055248260498,completed
ia10_seq6_base,IA,10.0,2017 2018 2019 2020 2021,2017 2018 2019,2020,2021,6.0,80.0,64.0,0.001,64.0,1.0,0.0,raw_mse,all,raw,val,tiny_mamba_ssm,ndvi,2.7191316183319447,0.5571647882461548,,33.0,1.7718055248260498,completed
ia10_seq6_base,IA,10.0,2017 2018 2019 2020 2021,2017 2018 2019,2020,2021,6.0,80.0,64.0,0.001,64.0,1.0,0.0,raw_mse,all,raw,val,tiny_mamba_ssm,weather,221.59576619094057,54.03276824951172,,33.0,1.7718055248260498,completed
ia10_seq6_base,IA,10.0,2017 2018 2019 2020 2021,2017 2018 2019,2020,2021,6.0,80.0,64.0,0.001,64.0,1.0,0.0,raw_mse,all,raw,test,tiny_mamba_ssm,ag,4.991572525758514,1.5321615934371948,,32.0,1.7718055248260498,completed
ia10_seq6_base,IA,10.0,2017 2018 2019 2020 2021,2017 2018 2019,2020,2021,6.0,80.0,64.0,0.001,64.0,1.0,0.0,raw_mse,all,raw,test,tiny_mamba_ssm,ndvi,2.414689757201773,0.5247039198875427,,32.0,1.7718055248260498,completed
ia10_seq6_base,IA,10.0,2017 2018 2019 2020 2021,2017 2018 2019,2020,2021,6.0,80.0,64.0,0.001,64.0,1.0,0.0,raw_mse,all,raw,test,tiny_mamba_ssm,weather,475.4009985002135,79.83988189697266,,32.0,1.7718055248260498,completed
ia30_seq6_lstm_seasonal_residual_weather_only,IA,30.0,2017 2018 2019 2020 2021,2017 2018 2019,2020,2021,6.0,80.0,64.0,0.001,64.0,1.0,0.0,raw_mse,weather,seasonal_residual,val,naive_lag1,weather,346.50639198649714,80.99848937988281,,0.0,542.2755117416382,completed
ia30_seq6_lstm_seasonal_residual_weather_only,IA,30.0,2017 2018 2019 2020 2021,2017 2018 2019,2020,2021,6.0,80.0,64.0,0.001,64.0,1.0,0.0,raw_mse,weather,seasonal_residual,test,naive_lag1,weather,577.7335566677774,107.5191650390625,,0.0,542.2755117416382,completed
ia30_seq6_lstm_seasonal_residual_weather_only,IA,30.0,2017 2018 2019 2020 2021,2017 2018 2019,2020,2021,6.0,80.0,64.0,0.001,64.0,1.0,0.0,raw_mse,weather,seasonal_residual,val,seasonal_last_year,weather,169.78251828626233,42.44060897827149,,13.0,542.2755117416382,completed
ia30_seq6_lstm_seasonal_residual_weather_only,IA,30.0,2017 2018 2019 2020 2021,2017 2018 2019,2020,2021,6.0,80.0,64.0,0.001,64.0,1.0,0.0,raw_mse,weather,seasonal_residual,test,seasonal_last_year,weather,487.60776052581446,76.85034942626953,,15.0,542.2755117416382,completed
ia30_seq6_lstm_seasonal_residual_weather_only,IA,30.0,2017 2018 2019 2020 2021,2017 2018 2019,2020,2021,6.0,80.0,64.0,0.001,64.0,1.0,0.0,raw_mse,weather,seasonal_residual,val,lstm,weather,204.85693369092976,52.3607292175293,,13.0,542.2755117416382,completed
ia30_seq6_lstm_seasonal_residual_weather_only,IA,30.0,2017 2018 2019 2020 2021,2017 2018 2019,2020,2021,6.0,80.0,64.0,0.001,64.0,1.0,0.0,raw_mse,weather,seasonal_residual,test,lstm,weather,489.003418955328,81.31497192382812,,13.0,542.2755117416382,completed
ia30_seq6_seasonal_residual_blankfill,IA,10.0,2017 2018 2019 2020 2021,2017 2018 2019,2020,2021,6.0,80.0,64.0,0.001,64.0,1.0,0.0,raw_mse,all,seasonal_residual,val,naive_lag1,ag,8.220890361151772,2.291024684906006,,0.0,143.40200781822205,completed
ia30_seq6_seasonal_residual_blankfill,IA,10.0,2017 2018 2019 2020 2021,2017 2018 2019,2020,2021,6.0,80.0,64.0,0.001,64.0,1.0,0.0,raw_mse,all,seasonal_residual,val,naive_lag1,ndvi,2.220636452350884,0.2647083401679992,,0.0,143.40200781822205,completed
ia30_seq6_seasonal_residual_blankfill,IA,10.0,2017 2018 2019 2020 2021,2017 2018 2019,2020,2021,6.0,80.0,64.0,0.001,64.0,1.0,0.0,raw_mse,all,seasonal_residual,val,naive_lag1,weather,346.50639198649714,80.99848937988281,,0.0,143.40200781822205,completed
ia30_seq6_seasonal_residual_blankfill,IA,10.0,2017 2018 2019 2020 2021,2017 2018 2019,2020,2021,6.0,80.0,64.0,0.001,64.0,1.0,0.0,raw_mse,all,seasonal_residual,test,naive_lag1,ag,8.168210201626133,2.234904289245605,,0.0,143.40200781822205,completed
ia30_seq6_seasonal_residual_blankfill,IA,10.0,2017 2018 2019 2020 2021,2017 2018 2019,2020,2021,6.0,80.0,64.0,0.001,64.0,1.0,0.0,raw_mse,all,seasonal_residual,test,naive_lag1,ndvi,3.993470704247877,0.383785992860794,,0.0,143.40200781822205,completed
ia30_seq6_seasonal_residual_blankfill,IA,10.0,2017 2018 2019 2020 2021,2017 2018 2019,2020,2021,6.0,80.0,64.0,0.001,64.0,1.0,0.0,raw_mse,all,seasonal_residual,test,naive_lag1,weather,577.7335566677774,107.5191650390625,,0.0,143.40200781822205,completed
ia30_seq6_seasonal_residual_blankfill,IA,10.0,2017 2018 2019 2020 2021,2017 2018 2019,2020,2021,6.0,80.0,64.0,0.001,64.0,1.0,0.0,raw_mse,all,seasonal_residual,val,lstm,ag,7.585729311316764,2.392193555831909,,19.0,143.40200781822205,completed
ia30_seq6_seasonal_residual_blankfill,IA,10.0,2017 2018 2019 2020 2021,2017 2018 2019,2020,2021,6.0,80.0,64.0,0.001,64.0,1.0,0.0,raw_mse,all,seasonal_residual,val,lstm,ndvi,3.5864131171598226,0.5649129152297974,,19.0,143.40200781822205,completed
ia30_seq6_seasonal_residual_blankfill,IA,10.0,2017 2018 2019 2020 2021,2017 2018 2019,2020,2021,6.0,80.0,64.0,0.001,64.0,1.0,0.0,raw_mse,all,seasonal_residual,val,lstm,weather,200.09907702185936,48.14904022216797,,19.0,143.40200781822205,completed
ia30_seq6_seasonal_residual_blankfill,IA,10.0,2017 2018 2019 2020 2021,2017 2018 2019,2020,2021,6.0,80.0,64.0,0.001,64.0,1.0,0.0,raw_mse,all,seasonal_residual,test,lstm,ag,6.475939013169821,1.9630167484283447,,29.0,143.40200781822205,completed
ia30_seq6_seasonal_residual_blankfill,IA,10.0,2017 2018 2019 2020 2021,2017 2018 2019,2020,2021,6.0,80.0,64.0,0.001,64.0,1.0,0.0,raw_mse,all,seasonal_residual,test,lstm,ndvi,3.283151856520815,0.451764166355133,,29.0,143.40200781822205,completed
ia30_seq6_seasonal_residual_blankfill,IA,10.0,2017 2018 2019 2020 2021,2017 2018 2019,2020,2021,6.0,80.0,64.0,0.001,64.0,1.0,0.0,raw_mse,all,seasonal_residual,test,lstm,weather,461.48596606505816,77.92547607421875,,29.0,143.40200781822205,completed
ia30_seq6_seasonal_residual_blankfill,IA,10.0,2017 2018 2019 2020 2021,2017 2018 2019,2020,2021,6.0,80.0,64.0,0.001,64.0,1.0,0.0,raw_mse,all,seasonal_residual,val,tiny_mamba_ssm,ag,6.495522057018427,1.930872201919556,,18.0,143.40200781822205,completed
ia30_seq6_seasonal_residual_blankfill,IA,10.0,2017 2018 2019 2020 2021,2017 2018 2019,2020,2021,6.0,80.0,64.0,0.001,64.0,1.0,0.0,raw_mse,all,seasonal_residual,val,tiny_mamba_ssm,ndvi,3.5923038392477493,0.484539121389389,,18.0,143.40200781822205,completed
ia30_seq6_seasonal_residual_blankfill,IA,10.0,2017 2018 2019 2020 2021,2017 2018 2019,2020,2021,6.0,80.0,64.0,0.001,64.0,1.0,0.0,raw_mse,all,seasonal_residual,val,tiny_mamba_ssm,weather,176.4366476245794,46.461795806884766,,18.0,143.40200781822205,completed
ia30_seq6_seasonal_residual_blankfill,IA,10.0,2017 2018 2019 2020 2021,2017 2018 2019,2020,2021,6.0,80.0,64.0,0.001,64.0,1.0,0.0,raw_mse,all,seasonal_residual,test,tiny_mamba_ssm,ag,5.609853060016855,1.631991624832153,,32.0,143.40200781822205,completed
ia30_seq6_seasonal_residual_blankfill,IA,10.0,2017 2018 2019 2020 2021,2017 2018 2019,2020,2021,6.0,80.0,64.0,0.001,64.0,1.0,0.0,raw_mse,all,seasonal_residual,test,tiny_mamba_ssm,ndvi,3.2527757675232736,0.430298238992691,,32.0,143.40200781822205,completed
ia30_seq6_seasonal_residual_blankfill,IA,10.0,2017 2018 2019 2020 2021,2017 2018 2019,2020,2021,6.0,80.0,64.0,0.001,64.0,1.0,0.0,raw_mse,all,seasonal_residual,test,tiny_mamba_ssm,weather,517.7084121394977,83.10233306884766,,32.0,143.40200781822205,completed
ia_more_counties_seq12_bestsmall,IA,30.0,2017 2018 2019 2020 2021,2017 2018 2019,2020,2021,12.0,80.0,64.0,0.001,64.0,1.0,0.0,raw_mse,all,raw,val,naive_lag1,ag,8.220890361151772,2.291024684906006,,0.0,3.0812618732452393,completed
ia_more_counties_seq12_bestsmall,IA,30.0,2017 2018 2019 2020 2021,2017 2018 2019,2020,2021,12.0,80.0,64.0,0.001,64.0,1.0,0.0,raw_mse,all,raw,val,naive_lag1,ndvi,2.220636452350884,0.2647083401679992,,0.0,3.0812618732452393,completed
ia_more_counties_seq12_bestsmall,IA,30.0,2017 2018 2019 2020 2021,2017 2018 2019,2020,2021,12.0,80.0,64.0,0.001,64.0,1.0,0.0,raw_mse,all,raw,val,naive_lag1,weather,346.50639198649714,80.99848937988281,,0.0,3.0812618732452393,completed
ia_more_counties_seq12_bestsmall,IA,30.0,2017 2018 2019 2020 2021,2017 2018 2019,2020,2021,12.0,80.0,64.0,0.001,64.0,1.0,0.0,raw_mse,all,raw,test,naive_lag1,ag,8.168210201626133,2.234904289245605,,0.0,3.0812618732452393,completed
ia_more_counties_seq12_bestsmall,IA,30.0,2017 2018 2019 2020 2021,2017 2018 2019,2020,2021,12.0,80.0,64.0,0.001,64.0,1.0,0.0,raw_mse,all,raw,test,naive_lag1,ndvi,3.993470704247877,0.383785992860794,,0.0,3.0812618732452393,completed
ia_more_counties_seq12_bestsmall,IA,30.0,2017 2018 2019 2020 2021,2017 2018 2019,2020,2021,12.0,80.0,64.0,0.001,64.0,1.0,0.0,raw_mse,all,raw,test,naive_lag1,weather,577.7335566677774,107.5191650390625,,0.0,3.0812618732452393,completed
ia_more_counties_seq12_bestsmall,IA,30.0,2017 2018 2019 2020 2021,2017 2018 2019,2020,2021,12.0,80.0,64.0,0.001,64.0,1.0,0.0,raw_mse,all,raw,val,lstm,ag,6.05728239505372,1.585512638092041,,34.0,3.0812618732452393,completed
ia_more_counties_seq12_bestsmall,IA,30.0,2017 2018 2019 2020 2021,2017 2018 2019,2020,2021,12.0,80.0,64.0,0.001,64.0,1.0,0.0,raw_mse,all,raw,val,lstm,ndvi,2.1969790394702966,0.5076862573623657,,34.0,3.0812618732452393,completed
ia_more_counties_seq12_bestsmall,IA,30.0,2017 2018 2019 2020 2021,2017 2018 2019,2020,2021,12.0,80.0,64.0,0.001,64.0,1.0,0.0,raw_mse,all,raw,val,lstm,weather,194.25967237823707,46.518333435058594,,34.0,3.0812618732452393,completed
ia_more_counties_seq12_bestsmall,IA,30.0,2017 2018 2019 2020 2021,2017 2018 2019,2020,2021,12.0,80.0,64.0,0.001,64.0,1.0,0.0,raw_mse,all,raw,test,lstm,ag,5.7538770790163465,1.722506046295166,,31.0,3.0812618732452393,completed
ia_more_counties_seq12_bestsmall,IA,30.0,2017 2018 2019 2020 2021,2017 2018 2019,2020,2021,12.0,80.0,64.0,0.001,64.0,1.0,0.0,raw_mse,all,raw,test,lstm,ndvi,2.9504695841868824,0.5217933654785156,,31.0,3.0812618732452393,completed
ia_more_counties_seq12_bestsmall,IA,30.0,2017 2018 2019 2020 2021,2017 2018 2019,2020,2021,12.0,80.0,64.0,0.001,64.0,1.0,0.0,raw_mse,all,raw,test,lstm,weather,537.4191508962069,85.53944396972656,,31.0,3.0812618732452393,completed
ia_more_counties_seq12_bestsmall,IA,30.0,2017 2018 2019 2020 2021,2017 2018 2019,2020,2021,12.0,80.0,64.0,0.001,64.0,1.0,0.0,raw_mse,all,raw,val,tiny_mamba_ssm,ag,5.084681577061862,1.446420431137085,,33.0,3.0812618732452393,completed
ia_more_counties_seq12_bestsmall,IA,30.0,2017 2018 2019 2020 2021,2017 2018 2019,2020,2021,12.0,80.0,64.0,0.001,64.0,1.0,0.0,raw_mse,all,raw,val,tiny_mamba_ssm,ndvi,1.9416934132950856,0.3897807002067566,,33.0,3.0812618732452393,completed
ia_more_counties_seq12_bestsmall,IA,30.0,2017 2018 2019 2020 2021,2017 2018 2019,2020,2021,12.0,80.0,64.0,0.001,64.0,1.0,0.0,raw_mse,all,raw,val,tiny_mamba_ssm,weather,211.06089909076005,51.26504135131836,,33.0,3.0812618732452393,completed
ia_more_counties_seq12_bestsmall,IA,30.0,2017 2018 2019 2020 2021,2017 2018 2019,2020,2021,12.0,80.0,64.0,0.001,64.0,1.0,0.0,raw_mse,all,raw,test,tiny_mamba_ssm,ag,5.683821610015785,1.6763393878936768,,31.0,3.0812618732452393,completed
ia_more_counties_seq12_bestsmall,IA,30.0,2017 2018 2019 2020 2021,2017 2018 2019,2020,2021,12.0,80.0,64.0,0.001,64.0,1.0,0.0,raw_mse,all,raw,test,tiny_mamba_ssm,ndvi,2.904551676364844,0.4786994755268097,,31.0,3.0812618732452393,completed
ia_more_counties_seq12_bestsmall,IA,30.0,2017 2018 2019 2020 2021,2017 2018 2019,2020,2021,12.0,80.0,64.0,0.001,64.0,1.0,0.0,raw_mse,all,raw,test,tiny_mamba_ssm,weather,564.9381326747205,96.26966094970705,,31.0,3.0812618732452393,completed
ia_more_counties_seq6_bestsmall_blankfill,IA,30.0,2017 2018 2019 2020 2021,2017 2018 2019,2020,2021,6.0,80.0,64.0,0.001,64.0,1.0,0.0,raw_mse,all,raw,val,naive_lag1,ag,8.220890361151772,2.291024684906006,,0.0,10.799675703048706,completed
ia_more_counties_seq6_bestsmall_blankfill,IA,30.0,2017 2018 2019 2020 2021,2017 2018 2019,2020,2021,6.0,80.0,64.0,0.001,64.0,1.0,0.0,raw_mse,all,raw,val,naive_lag1,ndvi,2.220636452350884,0.2647083401679992,,0.0,10.799675703048706,completed
ia_more_counties_seq6_bestsmall_blankfill,IA,30.0,2017 2018 2019 2020 2021,2017 2018 2019,2020,2021,6.0,80.0,64.0,0.001,64.0,1.0,0.0,raw_mse,all,raw,val,naive_lag1,weather,346.50639198649714,80.99848937988281,,0.0,10.799675703048706,completed
ia_more_counties_seq6_bestsmall_blankfill,IA,30.0,2017 2018 2019 2020 2021,2017 2018 2019,2020,2021,6.0,80.0,64.0,0.001,64.0,1.0,0.0,raw_mse,all,raw,test,naive_lag1,ag,8.168210201626133,2.234904289245605,,0.0,10.799675703048706,completed
ia_more_counties_seq6_bestsmall_blankfill,IA,30.0,2017 2018 2019 2020 2021,2017 2018 2019,2020,2021,6.0,80.0,64.0,0.001,64.0,1.0,0.0,raw_mse,all,raw,test,naive_lag1,ndvi,3.993470704247877,0.383785992860794,,0.0,10.799675703048706,completed
ia_more_counties_seq6_bestsmall_blankfill,IA,30.0,2017 2018 2019 2020 2021,2017 2018 2019,2020,2021,6.0,80.0,64.0,0.001,64.0,1.0,0.0,raw_mse,all,raw,test,naive_lag1,weather,577.7335566677774,107.5191650390625,,0.0,10.799675703048706,completed
ia_more_counties_seq6_bestsmall_blankfill,IA,30.0,2017 2018 2019 2020 2021,2017 2018 2019,2020,2021,6.0,80.0,64.0,0.001,64.0,1.0,0.0,raw_mse,all,raw,val,lstm,ag,5.023758137912997,1.37277090549469,,32.0,10.799675703048706,completed
ia_more_counties_seq6_bestsmall_blankfill,IA,30.0,2017 2018 2019 2020 2021,2017 2018 2019,2020,2021,6.0,80.0,64.0,0.001,64.0,1.0,0.0,raw_mse,all,raw,val,lstm,ndvi,1.9343545052917093,0.4434128701686859,,32.0,10.799675703048706,completed
ia_more_counties_seq6_bestsmall_blankfill,IA,30.0,2017 2018 2019 2020 2021,2017 2018 2019,2020,2021,6.0,80.0,64.0,0.001,64.0,1.0,0.0,raw_mse,all,raw,val,lstm,weather,219.6728569088589,52.00532913208008,,32.0,10.799675703048706,completed
ia_more_counties_seq6_bestsmall_blankfill,IA,30.0,2017 2018 2019 2020 2021,2017 2018 2019,2020,2021,6.0,80.0,64.0,0.001,64.0,1.0,0.0,raw_mse,all,raw,test,lstm,ag,4.804960016725332,1.4341169595718384,,32.0,10.799675703048706,completed
ia_more_counties_seq6_bestsmall_blankfill,IA,30.0,2017 2018 2019 2020 2021,2017 2018 2019,2020,2021,6.0,80.0,64.0,0.001,64.0,1.0,0.0,raw_mse,all,raw,test,lstm,ndvi,2.889934230438853,0.4901923239231109,,32.0,10.799675703048706,completed
ia_more_counties_seq6_bestsmall_blankfill,IA,30.0,2017 2018 2019 2020 2021,2017 2018 2019,2020,2021,6.0,80.0,64.0,0.001,64.0,1.0,0.0,raw_mse,all,raw,test,lstm,weather,526.7767553717608,83.81514739990234,,32.0,10.799675703048706,completed
ia_more_counties_seq6_bestsmall_blankfill,IA,30.0,2017 2018 2019 2020 2021,2017 2018 2019,2020,2021,6.0,80.0,64.0,0.001,64.0,1.0,0.0,raw_mse,all,raw,val,tiny_mamba_ssm,ag,3.800202846132418,1.0836368799209597,,32.0,10.799675703048706,completed
ia_more_counties_seq6_bestsmall_blankfill,IA,30.0,2017 2018 2019 2020 2021,2017 2018 2019,2020,2021,6.0,80.0,64.0,0.001,64.0,1.0,0.0,raw_mse,all,raw,val,tiny_mamba_ssm,ndvi,1.8567881179868224,0.3879175782203674,,32.0,10.799675703048706,completed
ia_more_counties_seq6_bestsmall_blankfill,IA,30.0,2017 2018 2019 2020 2021,2017 2018 2019,2020,2021,6.0,80.0,64.0,0.001,64.0,1.0,0.0,raw_mse,all,raw,val,tiny_mamba_ssm,weather,223.19742347023185,54.550106048583984,,32.0,10.799675703048706,completed
ia_more_counties_seq6_bestsmall_blankfill,IA,30.0,2017 2018 2019 2020 2021,2017 2018 2019,2020,2021,6.0,80.0,64.0,0.001,64.0,1.0,0.0,raw_mse,all,raw,test,tiny_mamba_ssm,ag,4.800517237133781,1.3658968210220337,,32.0,10.799675703048706,completed
ia_more_counties_seq6_bestsmall_blankfill,IA,30.0,2017 2018 2019 2020 2021,2017 2018 2019,2020,2021,6.0,80.0,64.0,0.001,64.0,1.0,0.0,raw_mse,all,raw,test,tiny_mamba_ssm,ndvi,2.845527512597826,0.4301337003707886,,32.0,10.799675703048706,completed
ia_more_counties_seq6_bestsmall_blankfill,IA,30.0,2017 2018 2019 2020 2021,2017 2018 2019,2020,2021,6.0,80.0,64.0,0.001,64.0,1.0,0.0,raw_mse,all,raw,test,tiny_mamba_ssm,weather,493.7570252664766,83.07398223876953,,32.0,10.799675703048706,completed
model_comparison_v1,,,,,,,,,,,,,,raw_mse,all,raw,,,,,,,,,partial
